Album ID,Album Name,Artist Name(s),Release Date,Duration (ms),Popularity,Added By,Added At,Genres,Danceability,Energy,Key,Loudness,Mode,Speechiness,Acousticness,Instrumentalness,Liveness,Valence,Tempo,Time Signature
4sLtOBOzn4s3GDUv3c5oJD,A Star Is Born Soundtrack,Lady Gaga & Bradley Cooper,10/05/2018,,,ryan.davis,2018,,,,,,,,,,,,,
3MYJYd73u0SatCnRVvRJ3M,Bloom,Troye Sivan,08/31/2018,,,ryan.davis,2018,,,,,,,,,,,,,
5wtE5aLX5r7jOosmPhJhhk,Swimming,Mac Miller,08/03/2018,,,ryan.davis,2018,,,,,,,,,,,,,
3tx8gQqWbGwqIGZHqDNrGe,Sweetener,Ariana Grande,08/17/2018,,,ryan.davis,2018,,,,,,,,,,,,,
6pwuKxMUkNg673KETsXPUV,KIDS SEE GHOSTS,KIDS SEE GHOSTS,06/08/2018,,,ryan.davis,2018,,,,,,,,,,,,,
6Vn8F3hERVHYYz5RfKmsAN,Phoenix,Rita Ora,11/23/2018,,,ryan.davis,2018,,,,,,,,,,,,,
6UYZEYjpN1DYRW0kqFy9ZE,Championships,Meek Mill,11/30/2018,,,ryan.davis,2018,,,,,,,,,,,,,
3pLdWdkj83EYfDN6H2N8MR,Black Panther The Album Music From and Inspired By,"Kendrick Lamar, The Weeknd, SZA",02/09/2018,,,ryan.davis,2018,,,,,,,,,,,,,
67ErXRS9s9pVG8JmFbrdJ0,Ella Mai,Ella Mai,10/12/2018,,,ryan.davis,2018,,,,,,,,,,,,,
6trNtQUgC8cgbWcqoMYkOR,beerbongs & bentleys,Post Malone,04/27/2018,,,ryan.davis,2018,,,,,,,,,,,,,
6gDtROOIYa6OQxwhDNkDRM,Twin Fantasy,Car Seat Headrest,02/16/2018,,,frank.gibase,2018,,,,,,,,,,,,,
1zN85Ep8w2JORfCe0RHLDP,7,Beach House,05/11/2018,,,frank.gibase,2018,,,,,,,,,,,,,
6PWXKiakqhI17mTYM4y6oY,A Brief Inquiry Into Online Relationships,The 1975,11/30/2018,,,frank.gibase,2018,,,,,,,,,,,,,
41GuZcammIkupMPKH2OJ6I,ASTROWORLD,Travis Scott,08/03/2018,,,frank.gibase,2018,,,,,,,,,,,,,
7aQG6DxwFmUKVhkOJtlCZ1,Now Only,Mount Eerie,03/16/2018,,,frank.gibase,2018,,,,,,,,,,,,,
7f6xPqyaolTiziKf5R5Z0c,Golden Hour,Kacey Musgraves,03/30/2018,,,frank.gibase,2018,,,,,,,,,,,,,
7f4DUvIlSluy7YRnZsLEkd,God's Favorite Customer,Father John Misty,06/01/2018,,,frank.gibase,2018,,,,,,,,,,,,,
66at85wgO2pu5CccvqUF6i,Some Rap Songs,Earl Sweatshirt,11/30/2018,,,frank.gibase,2018,,,,,,,,,,,,,
2ZlrWJ4Ev4DhG6mRo5h1AP,Lush,Snail Mail,06/08/2018,,,frank.gibase,2018,,,,,,,,,,,,,
01HArmgfXe7xDaYXWKfhuf,Safe in Hands of Love,Yves Tumor,09/05/2018,,,frank.gibase,2018,,,,,,,,,,,,,
2Ek1q2haOnxVqhvVKqMvJe,ye,Kanye West,06/01/2018,,,wes.herr,2018,,,,,,,,,,,,,
6trNtQUgC8cgbWcqoMYkOR,beerbongs & bentleys,Post Malone,04/27/2018,,,wes.herr,2018,,,,,,,,,,,,,
16rRmI5wxWWO5dnRWUKCPA,MIH-TY,Jeremih & Ty Dolla $ign,10/26/2018,,,wes.herr,2018,,,,,,,,,,,,,
7f4DUvIlSluy7YRnZsLEkd,God's Favorite Customer,Father John Misty,06/01/2018,,,wes.herr,2018,,,,,,,,,,,,,
5RPGNLQhSag601FMPT2VW6,Day69: Graduation Day,6ix9ine,02/23/2018,,,wes.herr,2018,,,,,,,,,,,,,
2wN3fuTXmj387DO7wxNjz8,Velvet,JMSN,09/21/2018,,,wes.herr,2018,,,,,,,,,,,,,
6idVoBWP2mt1qoMtASm3gc,TA13OO,Denzel Curry,07/27/2018,,,wes.herr,2018,,,,,,,,,,,,,
1WMVvswNzB9i2UMh9svso5,The Beatles - 2018 Mix,The Beatles,11/09/2018,,,wes.herr,2018,,,,,,,,,,,,,
6JaEv20qGvSgIHQbxwtjUu,Freddie,Freddie Gibbs,06/22/2018,,,wes.herr,2018,,,,,,,,,,,,,
6GhWU8SIWavH4IQAoeJazI,Caution,Mariah Carey,11/16/2018,,,wes.herr,2018,,,,,,,,,,,,,
1MvF4ulZKH7SaDQs9rE5nc,What Is Love?,Clean Bandit,11/30/2018,,,anna.hoffman,2018,,,,,,,,,,,,,
4X3qM37B4hEZIHIq5nGsMv,Good Cry,Noah Cyrus,09/21/2018,,,anna.hoffman,2018,,,,,,,,,,,,,
2vD3zSQr8hNlg0obNel4TE,Camila,Camila Cabello,01/12/2018,,,anna.hoffman,2018,,,,,,,,,,,,,
3tx8gQqWbGwqIGZHqDNrGe,Sweetener,Ariana Grande,08/17/2018,,,anna.hoffman,2018,,,,,,,,,,,,,
46imFLgb9fR1Io6EoPYeQh,I Used To Know Her - Part 2,H.E.R.,11/02/2018,,,anna.hoffman,2018,,,,,,,,,,,,,
6Vn8F3hERVHYYz5RfKmsAN,Phoenix,Rita Ora,11/23/2018,,,anna.hoffman,2018,,,,,,,,,,,,,
4TOkZvtqNpg5UHyGxCn0mS,Expectations,Bebe Rexha,06/22/2018,,,anna.hoffman,2018,,,,,,,,,,,,,
4EPQtdq6vvwxuYeQTrwDVY,Isolation,Kali Uchis,04/06/2018,,,anna.hoffman,2018,,,,,,,,,,,,,
5kprdYds6oZb4iSldfflOT,Vibras,J Balvin,05/25/2018,,,anna.hoffman,2018,,,,,,,,,,,,,
0dZlf6U1djSwKxMrJ0RZgQ,Being Human In Public,Jessie Reyez,10/19/2018,,,anna.hoffman,2018,,,,,,,,,,,,,
2Dbm63Nwx511E4HclnQto6,Vertigo,EDEN,01/19/2018,,,greg.klingshirn,2018,,,,,,,,,,,,,
3ZrqXk0ypC0wN4qekiFBzv,Momentary,Demo Taped,02/23/2018,,,greg.klingshirn,2018,,,,,,,,,,,,,
7arFGGWl2p1FTC3LPTw7Dz,In the Shape of a Dream,ayokay,08/31/2018,,,greg.klingshirn,2018,,,,,,,,,,,,,
6PWXKiakqhI17mTYM4y6oY,A Brief Inquiry Into Online Relationships,The 1975,11/30/2018,,,greg.klingshirn,2018,,,,,,,,,,,,,
1VYRUsEjoHAnE1NNa0Tj3z,Collection One,SAINt JHN,03/30/2018,,,greg.klingshirn,2018,,,,,,,,,,,,,
7j7cqgeWmYH9PbKe3S5oJj,The Story of Us,Quinn XCII,09/15/2018,,,greg.klingshirn,2018,,,,,,,,,,,,,
3fc97ZWLIMc1xawhxbKrh2,East Atlanta Love Letter,6LACK,09/14/2018,,,greg.klingshirn,2018,,,,,,,,,,,,,
41GuZcammIkupMPKH2OJ6I,ASTROWORLD,Travis Scott,08/03/2018,,,greg.klingshirn,2018,,,,,,,,,,,,,
79ZA87nBCFmKW9In3COk5L,"CAROUSEL, SAYONARA, BLOSSOM",Aries,10/25/2018,,,greg.klingshirn,2018,,,,,,,,,,,,,
1uKkqozFkKpyjynnTdRqLB,sad girl,Sasha Sloan,04/18/2018,,,greg.klingshirn,2018,,,,,,,,,,,,,
07bIdDDe3I3hhWpxU6tuBp,DAYTONA,Pusha T,05/25/2018,,,trey.mcmillon,2018,,,,,,,,,,,,,
4EPQtdq6vvwxuYeQTrwDVY,Isolation,Kali Uchis,04/06/2018,,,trey.mcmillon,2018,,,,,,,,,,,,,
7f6xPqyaolTiziKf5R5Z0c,Golden Hour,Kacey Musgraves,03/30/2018,,,trey.mcmillon,2018,,,,,,,,,,,,,
3AlSuZnX4ZCab8eoWnnfbm,Lost & Found,Jorja Smith,06/08/2018,,,trey.mcmillon,2018,,,,,,,,,,,,,
2Ek1q2haOnxVqhvVKqMvJe,ye,Kanye West,06/01/2018,,,trey.mcmillon,2018,,,,,,,,,,,,,
41GuZcammIkupMPKH2OJ6I,ASTROWORLD,Travis Scott,08/03/2018,,,trey.mcmillon,2018,,,,,,,,,,,,,
3fc97ZWLIMc1xawhxbKrh2,East Atlanta Love Letter,6LACK,09/14/2018,,,trey.mcmillon,2018,,,,,,,,,,,,,
0pKZJj9GzcKPCS8r4IaksA,High As Hope,Florence + The Machine,06/29/2018,,,trey.mcmillon,2018,,,,,,,,,,,,,
7bvmGyFDwpHNRRRZJ0AHvn,Negro Swan,Blood Orange,08/24/2018,,,trey.mcmillon,2018,,,,,,,,,,,,,
7dAm8ShwJLFm9SaJ6Yc58O,Die Lit,Playboi Carti,05/11/2018,,,trey.mcmillon,2018,,,,,,,,,,,,,
6trNtQUgC8cgbWcqoMYkOR,beerbongs & bentleys,Post Malone,04/27/2018,,,john.verrone,2018,,,,,,,,,,,,,
1eVxt5CPp1tAoXCQvFmHZE,Sleeping With Roses,Chelsea Cuttler,06/08/2018,,,john.verrone,2018,,,,,,,,,,,,,
3fc97ZWLIMc1xawhxbKrh2,East Atlanta Love Letter,6LACK,09/14/2018,,,john.verrone,2018,,,,,,,,,,,,,
2iIqqSVeH04ytD0DIWrrA6,I met you when I was 18. (the playlist),Lauv,05/31/2018,,,john.verrone,2018,,,,,,,,,,,,,
1VYRUsEjoHAnE1NNa0Tj3z,Collection One,SAINt JHN,03/30/2018,,,john.verrone,2018,,,,,,,,,,,,,
5AHWNPo3gllDmixgAoFru4,Heard It In A Past Life,Maggie Rogers,01/18/2019,,,molly.verrone,2019,,,,,,,,,,,,,
5AHWNPo3gllDmixgAoFru4,Heard It In A Past Life,Maggie Rogers,01/18/2019,,,trey.mcmillon,2019,,,,,,,,,,,,,
5AHWNPo3gllDmixgAoFru4,Heard It In A Past Life,Maggie Rogers,01/18/2019,,,john.verrone,2019,,,,,,,,,,,,,
6dFFcYQ8VhifgdKgYY5LYL,Cuz I Love You,Lizzo,04/19/2019,,,ryan.davis,2019,,,,,,,,,,,,,
6dFFcYQ8VhifgdKgYY5LYL,Cuz I Love You,Lizzo,04/19/2019,,,molly.verrone,2019,,,,,,,,,,,,,
6dFFcYQ8VhifgdKgYY5LYL,Cuz I Love You,Lizzo,04/19/2019,,,john.verrone,2019,,,,,,,,,,,,,
4g1ZRSobMefqF6nelkgibi,Hollywood's Bleeding,Post Malone,09/06/2019,,,john.verrone,2019,,,,,,,,,,,,,
3ZuE680xhR1A4bCFGvL8mi,~how i'm feeling~,Lauv,03/06/2020,,,greg.klingshirn,2019,,,,,,,,,,,,,
3ZuE680xhR1A4bCFGvL8mi,~how i'm feeling~,Lauv,03/06/2020,,,john.verrone,2019,,,,,,,,,,,,,
1qnAzDoa24ZYCZDzmP74sL,ASYLUM,A R I Z O N A,10/11/2019,,,molly.verrone,2019,,,,,,,,,,,,,
1qnAzDoa24ZYCZDzmP74sL,ASYLUM,A R I Z O N A,10/11/2019,,,anna.hoffman,2019,,,,,,,,,,,,,
1qnAzDoa24ZYCZDzmP74sL,ASYLUM,A R I Z O N A,10/11/2019,,,greg.klingshirn,2019,,,,,,,,,,,,,
1qnAzDoa24ZYCZDzmP74sL,ASYLUM,A R I Z O N A,10/11/2019,,,john.verrone,2019,,,,,,,,,,,,,
3oIFxDIo2fwuk4lwCmFZCx,No.6 Collaborations Project,Ed Sheeran,07/12/2019,,,ryan.davis,2019,,,,,,,,,,,,,
3oIFxDIo2fwuk4lwCmFZCx,No.6 Collaborations Project,Ed Sheeran,07/12/2019,,,molly.verrone,2019,,,,,,,,,,,,,
3oIFxDIo2fwuk4lwCmFZCx,No.6 Collaborations Project,Ed Sheeran,07/12/2019,,,john.verrone,2019,,,,,,,,,,,,,
277Tb5dN0YcJvQHXJggoZ5,Live at Alexandra Palace London,Four Tet,05/08/2019,,,sam.sin,2019,,,,,,,,,,,,,
5zi7WsKlIiUXv09tbGLKsE,IGOR,"Tyler, The Creator",05/17/2019,,,wes.herr,2019,,,,,,,,,,,,,
5zi7WsKlIiUXv09tbGLKsE,IGOR,"Tyler, The Creator",05/17/2019,,,sam.sin,2019,,,,,,,,,,,,,
678mCpmrntPuc6iHc7wvLc,Everyday,Tourist,02/15/2019,,,sam.sin,2019,,,,,,,,,,,,,
5WLquTz7nUnsHCj80b6wci,Fever,Megan Thee Stallion,05/17/2019,,,sam.sin,2019,,,,,,,,,,,,,
0enl6lyotKB8LKlUo5m2oJ,Hi This Is Flume (Mixtape),Flume,03/22/2019,,,sam.sin,2019,,,,,,,,,,,,,
0O1PJ0t69iTO5yWrIeIga0,Baby on Baby,DaBaby,03/01/2019,,,sam.sin,2019,,,,,,,,,,,,,
6UbQjblPQ5McfYCNSYlknJ,The Cure to Loneliness,Jai Wolf,04/05/2019,,,sam.sin,2019,,,,,,,,,,,,,
2JtlTPzThXs3Pvz8V2iBIB,Mirrorland,EARTHGANG,09/06/2019,,,sam.sin,2019,,,,,,,,,,,,,
1A3nVEWRJ8yvlPzawHI1pQ,Father of the Bride,Vampire Weekend,05/03/2019,,,sam.sin,2019,,,,,,,,,,,,,
6P3hMbihXXgbVzQvVbllcB,SAGA II,MEMBA,08/16/2019,,,sam.sin,2019,,,,,,,,,,,,,
31KbO7WnDp2AjPdmRTJzdf,Bandana,Freddie Gibbs,06/28/2019,,,trey.mcmillon,2019,,,,,,,,,,,,,
23dKNZpiadggKHrQgHLi3L,Assume Form,James Blake,01/18/2019,,,greg.klingshirn,2019,,,,,,,,,,,,,
23dKNZpiadggKHrQgHLi3L,Assume Form,James Blake,01/18/2019,,,trey.mcmillon,2019,,,,,,,,,,,,,
3DMR3yM5crnt1dG9lLaMTZ,MAGDALENE,FKA twigs,11/08/2019,,,frank.gibase,2019,,,,,,,,,,,,,
3DMR3yM5crnt1dG9lLaMTZ,MAGDALENE,FKA twigs,11/08/2019,,,wes.herr,2019,,,,,,,,,,,,,
3DMR3yM5crnt1dG9lLaMTZ,MAGDALENE,FKA twigs,11/08/2019,,,trey.mcmillon,2019,,,,,,,,,,,,,
1NsTSXjVNE7XmZ8PmyW0wl,KIRK,DaBaby,09/27/2019,,,trey.mcmillon,2019,,,,,,,,,,,,,
7dqpveMVcWgbzqYrOdkFTD,Care Package,Drake,08/02/2019,,,trey.mcmillon,2019,,,,,,,,,,,,,
7jXmmQ1gNTXHyTF7uvH4Tn,Atlanta Millionaires Club,Faye Webster,05/24/2019,,,trey.mcmillon,2019,,,,,,,,,,,,,
1BrBVH1v92OAzRDijSyhj9,Red Hearse,Red Hearse,08/16/2019,,,wes.herr,2019,,,,,,,,,,,,,
1BrBVH1v92OAzRDijSyhj9,Red Hearse,Red Hearse,08/16/2019,,,trey.mcmillon,2019,,,,,,,,,,,,,
25it7uSpNFuRoD6uNc0Tfu,Dedicated,Carly Rae Jepson,05/17/2019,,,frank.gibase,2019,,,,,,,,,,,,,
25it7uSpNFuRoD6uNc0Tfu,Dedicated,Carly Rae Jepson,05/17/2019,,,anna.hoffman,2019,,,,,,,,,,,,,
25it7uSpNFuRoD6uNc0Tfu,Dedicated,Carly Rae Jepson,05/17/2019,,,trey.mcmillon,2019,,,,,,,,,,,,,
2OIMJ2Arm0dYpmWIfQOXTD,"- Ugh, those feels again",Snoh Aalegra,08/16/2019,,,trey.mcmillon,2019,,,,,,,,,,,,,
2WLUF4duyNMxLMnSMyfN6L,Phases,Chase Atlantic,06/28/2019,,,greg.klingshirn,2019,,,,,,,,,,,,,
4gARZz9eV7zbGbtOjhVTPF,NINE,blink-182,09/20/2019,,,greg.klingshirn,2019,,,,,,,,,,,,,
5cOMvagAM9ldzK3yLeSoZV,Neotheater,AJR,04/26/2019,,,greg.klingshirn,2019,,,,,,,,,,,,,
7acEciVtnuTzmwKptkjth5,Fear Innoculum,TOOL,08/30/2019,,,greg.klingshirn,2019,,,,,,,,,,,,,
2IeU2UaCAyhcXMMdW0jp6r,Interrobang,Bayside,10/04/2019,,,greg.klingshirn,2019,,,,,,,,,,,,,
7zGPSFi3LOIC1L5Dj0oEBx,From Michigan With Love,Quinn XCII,02/15/2019,,,greg.klingshirn,2019,,,,,,,,,,,,,
0Tbf101DgSbH9k9gOMYjAF,Ghetto Lenny's Love Songs,SAINt JHN,08/22/2019,,,sommy.khalaj,2019,,,,,,,,,,,,,
0Tbf101DgSbH9k9gOMYjAF,Ghetto Lenny's Love Songs,SAINt JHN,08/22/2019,,,greg.klingshirn,2019,,,,,,,,,,,,,
1MmVkhiwTH0BkNOU3nw5d3,Hot Pink,Doja Cat,11/07/2019,,,anna.hoffman,2019,,,,,,,,,,,,,
4EhEkDClVOByI6FzYxfvlc,Myself,Kiana Ledé,06/07/2019,,,anna.hoffman,2019,,,,,,,,,,,,,
6t1OiiVq9VIbW1SUHaXX7W,Happy To Be Here,Barrie,05/03/2019,,,anna.hoffman,2019,,,,,,,,,,,,,
3rH58guWMYywyTs5E8V6WE,Unstoppable,Amara La Negra,02/22/2019,,,anna.hoffman,2019,,,,,,,,,,,,,
6c1WrLJYc4Ytl4zqzEpVz2,Clarity,Kim Petras,06/28/2019,,,anna.hoffman,2019,,,,,,,,,,,,,
7cIJMo4XRPYoMCAexU1xHl,Scenery,Emily King,02/01/2019,,,anna.hoffman,2019,,,,,,,,,,,,,
4OaTrPkuAYkelxCnm92njS,Sucker Punch,Sigrid,03/08/2019,,,anna.hoffman,2019,,,,,,,,,,,,,
0IMTA2Wz6p8CNZ0MDK2zvg,I Used To Know Her,H.E.R.,08/30/2019,,,anna.hoffman,2019,,,,,,,,,,,,,
,YANDHI (leaks),Kanye West,,,,wes.herr,2019,,,,,,,,,,,,,
29sozE8XDMOHT8KK9iq4Fo,PROTO,Holly Herndon,05/10/2019,,,wes.herr,2019,,,,,,,,,,,,,
4WF4HvVT7VjGnVjxjoCR6w,When I Get Home,Solange,03/01/2019,,,wes.herr,2019,,,,,,,,,,,,,
2ZGNFZ9HCZtZNV9wE5Niht,Erotic Reruns,Yeasayer,06/07/2019,,,wes.herr,2019,,,,,,,,,,,,,
4ClyeVlAKJJViIyfVW0yQD,Pang,Caroline Polachek,10/18/2019,,,wes.herr,2019,,,,,,,,,,,,,
7pp0eBrLEcmprISZOmY4ve,Death Atlas,Cattle Decapitation,11/29/2019,,,wes.herr,2019,,,,,,,,,,,,,
0p1ZcmF0RNjdsm9xZhVmUV,Juice B Crypts,Battles,10/18/2019,,,wes.herr,2019,,,,,,,,,,,,,
5M5LPGsAR9mxbBa22GOp5h,I Am Easy to Find,The National,05/17/2019,,,frank.gibase,2019,,,,,,,,,,,,,
5DDPFOJVHhc93OlqirbAtm,Anima,Thom Yorke,06/27/2019,,,frank.gibase,2019,,,,,,,,,,,,,
5jNA5QJJl8BynLKtyrkhGj,Cows on Hourglass Pond,Avey Tare,03/22/2019,,,frank.gibase,2019,,,,,,,,,,,,,
29Chk1LOPq2ZZZGs2th7f1,Practice of Love,Jenny Hval,09/13/2019,,,frank.gibase,2019,,,,,,,,,,,,,
2kCDZ3gCr5hXFgbFsPMcxP,House of Sugar,Alex G,09/13/2019,,,frank.gibase,2019,,,,,,,,,,,,,
5pp7px9MITK2MqeFVbRWGo,Two Hands,Big Thief,10/11/2019,,,frank.gibase,2019,,,,,,,,,,,,,
5XpEKORZ4y6OrCZSKsi46A,Norman Fucking Rockwell!,Lana Del Rey,08/30/2019,,,frank.gibase,2019,,,,,,,,,,,,,
0sLnNGW4PzCYFQ4Pn7aVCP,UFOF,Big Thief,05/03/2019,,,frank.gibase,2019,,,,,,,,,,,,,
0aldG5AoqOUDkEbsGtI9TW,"i,i",Bon Iver,08/09/2019,,,molly.verrone,2019,,,,,,,,,,,,,
3XpxioqzCTiqOSuHTXuaGf,Girl,Maren Morris,03/08/2019,,,ryan.davis,2019,,,,,,,,,,,,,
3XpxioqzCTiqOSuHTXuaGf,Girl,Maren Morris,03/08/2019,,,molly.verrone,2019,,,,,,,,,,,,,
7j7cqgeWmYH9PbKe3S5oJj,The Story of Us,Quinn XCII,09/15/2017,,,molly.verrone,2019,,,,,,,,,,,,,
2c7gFThUYyo2t6ogAgIYNw,"Wasteland, Baby!",Hozier,03/01/2019,,,molly.verrone,2019,,,,,,,,,,,,,
0lExgN78S0nHEUH7MlCzur,III,The Lumineers,09/13/2019,,,molly.verrone,2019,,,,,,,,,,,,,
1xJ7jIK1tT0aVoJw1fPE6r,Inner Monologue Part 1,Julia Michaels,01/24/2019,,,molly.verrone,2019,,,,,,,,,,,,,
1bnHPO4dKK7IjvgrtVBcQh,So Much Fun,Young Thug,08/16/2019,,,ryan.davis,2019,,,,,,,,,,,,,
45wbw92Z6V8G8iPKFzSEPN,SHE IS COMING,Miley Cyrus,05/31/2019,,,ryan.davis,2019,,,,,,,,,,,,,
2fYhqwDWXjbpjaIJPEfKFw,"thank you, next",Ariana Grande,02/08/2019,,,ryan.davis,2019,,,,,,,,,,,,,
6t1leWJ43SjwKoKRL9YWiX,ICONOLOGY,Missy Elliott,08/23/2019,,,ryan.davis,2019,,,,,,,,,,,,,
0FgZKfoU2Br5sHOfvZKTI9,Jesus Is King,Kanye West,10/25/2019,,,ryan.davis,2019,,,,,,,,,,,,,
6uqXwF2cBNS3V4fw8YM575,Turn Off The Light,Kim Petras,10/23/2020,,,ryan.davis,2019,,,,,,,,,,,,,
1NAmidJlEaVgA3MpcPFYGq,Lover,Taylor Swift,08/23/2019,,,ryan.davis,2019,,,,,,,,,,,,,
64nbgEEIcY4g1ElVLONJ0w,Man On The Moon III: The Chosen,Kid Cudi,12/11/2020,,,ryan.davis,2020,,,,,,,,,,,,,
64nbgEEIcY4g1ElVLONJ0w,Man On The Moon III: The Chosen,Kid Cudi,12/11/2020,,,sommy.khalaj,2020,,,,,,,,,,,,,
64nbgEEIcY4g1ElVLONJ0w,Man On The Moon III: The Chosen,Kid Cudi,12/11/2020,,,greg.klingshirn,2020,,,,,,,,,,,,,
64nbgEEIcY4g1ElVLONJ0w,Man On The Moon III: The Chosen,Kid Cudi,12/11/2020,,,trey.mcmillon,2020,,,,,,,,,,,,,
2fenSS68JI1h4Fo296JfGr,folklore,Taylor Swift,07/24/2020,,,molly.verrone,2020,,,,,,,,,,,,,
2fenSS68JI1h4Fo296JfGr,folklore,Taylor Swift,07/24/2020,,,frank.gibase,2020,,,,,,,,,,,,,
2fenSS68JI1h4Fo296JfGr,folklore,Taylor Swift,07/24/2020,,,anna.hoffman,2020,,,,,,,,,,,,,
2fenSS68JI1h4Fo296JfGr,folklore,Taylor Swift,07/24/2020,,,trey.mcmillon,2020,,,,,,,,,,,,,
5BRhg6NSEZOj0BR6Iz56fR,Plastic Hearts,Miley Cyrus,11/27/2020,,,ryan.davis,2020,,,,,,,,,,,,,
5BRhg6NSEZOj0BR6Iz56fR,Plastic Hearts,Miley Cyrus,11/27/2020,,,molly.verrone,2020,,,,,,,,,,,,,
5BRhg6NSEZOj0BR6Iz56fR,Plastic Hearts,Miley Cyrus,11/27/2020,,,anna.hoffman,2020,,,,,,,,,,,,,
7w3dPme8pmDgsKWGkcOk5f,While The World Was Burning,SAINt JHN,11/20/2020,,,ryan.davis,2020,,,,,,,,,,,,,
7w3dPme8pmDgsKWGkcOk5f,While The World Was Burning,SAINt JHN,11/20/2020,,,greg.klingshirn,2020,,,,,,,,,,,,,
7w3dPme8pmDgsKWGkcOk5f,While The World Was Burning,SAINt JHN,11/20/2020,,,john.verrone,2020,,,,,,,,,,,,,
2Xoteh7uEpea4TohMxjtaq,evermore,Taylor Swift,12/11/2020,,,molly.verrone,2020,,,,,,,,,,,,,
2Xoteh7uEpea4TohMxjtaq,evermore,Taylor Swift,12/11/2020,,,trey.mcmillon,2020,,,,,,,,,,,,,
2Xoteh7uEpea4TohMxjtaq,evermore,Taylor Swift,12/11/2020,,,john.verrone,2020,,,,,,,,,,,,,
2HIaUwS0PTUeqFFYHBBGAN,Ungodly Hour,Chloe x Halle,06/12/2020,,,molly.verrone,2020,,,,,,,,,,,,,
2HIaUwS0PTUeqFFYHBBGAN,Ungodly Hour,Chloe x Halle,06/12/2020,,,anna.hoffman,2020,,,,,,,,,,,,,
7fJJK56U9fHixgO0HQkhtI,Future Nostalgia,Dua Lipa,03/27/2020,,,ryan.davis,2020,,,,,,,,,,,,,
7fJJK56U9fHixgO0HQkhtI,Future Nostalgia,Dua Lipa,03/27/2020,,,anna.hoffman,2020,,,,,,,,,,,,,
396EJBtUzseofX2YCBJVvM,Women In Music Pt. III,HAIM,02/19/2021,,,molly.verrone,2020,,,,,,,,,,,,,
396EJBtUzseofX2YCBJVvM,Women In Music Pt. III,HAIM,02/19/2021,,,trey.mcmillon,2020,,,,,,,,,,,,,
05c49JgPmL4Uz2ZeqRx5SP,Chromatica,Lady Gaga,05/29/2020,,,ryan.davis,2020,,,,,,,,,,,,,
05c49JgPmL4Uz2ZeqRx5SP,Chromatica,Lady Gaga,05/29/2020,,,frank.gibase,2020,,,,,,,,,,,,,
7IyoGB8J31fvQDwGtHAq9m,Eternal Atake,Lil Uzi Vert,03/06/2020,,,ryan.davis,2020,,,,,,,,,,,,,
7IyoGB8J31fvQDwGtHAq9m,Eternal Atake,Lil Uzi Vert,03/06/2020,,,sommy.khalaj,2020,,,,,,,,,,,,,
74LenWKjMdGa2qJiI1sxwT,Run The Jewels 4,Run The Jewels,06/03/2020,,,frank.gibase,2020,,,,,,,,,,,,,
74LenWKjMdGa2qJiI1sxwT,Run The Jewels 4,Run The Jewels,06/03/2020,,,trey.mcmillon,2020,,,,,,,,,,,,,
6Q2rUMVAKj1DaDh3xB0IEU,Modus Vivendi,070 Shake,01/17/2020,,,trey.mcmillon,2020,,,,,,,,,,,,,
0cZAE6guibfcYmTZD7hiae,Artist 2.0,A Boogie Wit Da Hoodie,02/14/2020,,,sommy.khalaj,2020,,,,,,,,,,,,,
0BAmcZfsraNVyG6rj782Og,punk2,brakence,07/01/2020,,,john.verrone,2020,,,,,,,,,,,,,
7oHKKCXCFIv3J1Yh5F08pu,Dedicated Side B,Carly Rae Jepson,05/21/2020,,,anna.hoffman,2020,,,,,,,,,,,,,
2oOAjpOoHkiOjFGsf2sION,How To Be Human,Chelsea Cutler,01/17/2020,,,john.verrone,2020,,,,,,,,,,,,,
692R05mxz7V6eOFoj5PMlQ,3.15.20,Childish Gambino,05/13/2024,,,trey.mcmillon,2020,,,,,,,,,,,,,
0iyzHNJTyl7G9vNwp3B8iQ,La vita nuova,Christine and the Queens,02/27/2020,,,anna.hoffman,2020,,,,,,,,,,,,,
6wp1us3xBnYz5qldxrZXRf,Energy,Disclosure,08/28/2020,,,ryan.davis,2020,,,,,,,,,,,,,
6tCvAxUcCTFBEQeCKEAvT0,Melee,Dogleg,03/13/2020,,,frank.gibase,2020,,,,,,,,,,,,,
6Gv44SwreW1lS7ohNomDOe,A Muse In Her Feelings (Chopnotslop Remix),dvsn,07/10/2020,,,trey.mcmillon,2020,,,,,,,,,,,,,
14FGilar8X2PCvelbjX4tZ,no future,EDEN,02/14/2020,,,greg.klingshirn,2020,,,,,,,,,,,,,
44va7sFuK8IGzrj0BIX8kK,Brightest Blue,Ellie Goulding,07/16/2020,,,ryan.davis,2020,,,,,,,,,,,,,
0fO1KemWL2uCCQmM22iKlj,Fetch the Bolt Cutters,Fiona Apple,04/17/2020,,,frank.gibase,2020,,,,,,,,,,,,,
1zHR48K6XtWYm6bhrw4J6C,TAKE TIME,Giveon,03/27/2020,,,anna.hoffman,2020,,,,,,,,,,,,,
4zyqNfmTrnvUejh8M1IEh9,Miss Anthropocene,Grimes,02/21/2020,,,frank.gibase,2020,,,,,,,,,,,,,
68enXe5XcJdciSDAZr0Alr,Manic,Halsey,01/17/2020,,,john.verrone,2020,,,,,,,,,,,,,
3wPiflIal3wakcU7Th6QRE,Circadian,Intervals,11/13/2020,,,greg.klingshirn,2020,,,,,,,,,,,,,
11BJJE6R9ovFR6J2fMoLWc,The Recession 2,Jeezy,11/20/2020,,,ryan.davis,2020,,,,,,,,,,,,,
6n9DKpOxwifT5hOXtgLZSL,Legends Never Die,Juice WRLD,07/10/2020,,,john.verrone,2020,,,,,,,,,,,,,
63iWSELt9V1kV6RSMxN7Ii,Changes,Justin Bieber,02/14/2020,,,john.verrone,2020,,,,,,,,,,,,,
7hTmy5ipq0ieK4DZZqaxml,Con Todo El Mundo,Khruangbin,01/26/2018,,,anna.hoffman,2020,,,,,,,,,,,,,
4HFO9PDRxsdbcegkcNhxgz,Texas Sun,"Khruangbin, Leon Bridges",02/07/2020,,,sommy.khalaj,2020,,,,,,,,,,,,,
50aq2p3SeGo4aKtihf81Wf,Self Made Man,Larkin Poe,06/12/2020,,,anna.hoffman,2020,,,,,,,,,,,,,
57lgFncHBYu5E3igZnuCJK,Tickets To My Downfall,Machine Gun Kelly,09/25/2020,,,john.verrone,2020,,,,,,,,,,,,,
3fM2J0ilTBGwnzcN3SqUcG,All Distortions Are Intentional,Neck Deep,07/24/2020,,,greg.klingshirn,2020,,,,,,,,,,,,,
5qWrp5RcqjxB8ak7dtK6Iv,Set My Heart On Fire Immediately,Perfume Genious,05/15/2020,,,frank.gibase,2020,,,,,,,,,,,,,
6Pp6qGEywDdofgFC1oFbSH,Punisher,Phoebe Bridgers,06/18/2020,,,frank.gibase,2020,,,,,,,,,,,,,
4MZnolldq7ciKKlbVDzLm5,Meet The Woo 2,Pop Smoke,02/07/2020,,,trey.mcmillon,2020,,,,,,,,,,,,,
4d8hzP88kgjEp0JaGvCyTj,DRUG DEALING IS A LOST ART,RMR,06/12/2020,,,trey.mcmillon,2020,,,,,,,,,,,,,
0VE0pyVkKsr1bjCSNFFUEF,aiMless,rum.gold,04/24/2020,,,trey.mcmillon,2020,,,,,,,,,,,,,
2CISL0rSGzbO0MbQMlqBez,Color Theory,Soccer Mommy,02/28/2020,,,frank.gibase,2020,,,,,,,,,,,,,
4yP0hdKOZPNshxUOjY0cZj,After Hours,The Weeknd,03/20/2020,,,ryan.davis,2020,,,,,,,,,,,,,
2TbrXjwWklhT7JrC5sdUkf,The New Toronto 3,Tory Lanez,04/10/2020,,,sommy.khalaj,2020,,,,,,,,,,,,,
6jI8YPlDzzuckCKU2DKPyy,Introspection,UMI,06/21/2020,,,anna.hoffman,2020,,,,,,,,,,,,,
0LMJ5vzOvyazs0g1SoaISH,Saint Cloud,Waxahatchee,03/27/2020,,,frank.gibase,2020,,,,,,,,,,,,,
1BFl2k9tZL0Jm6ebJHGQ5K,ALPHA,Charlotte Day Wilson,07/09/2021,,,anna.hoffman,2021,,,,,,,,,,,,,
1BFl2k9tZL0Jm6ebJHGQ5K,ALPHA,Charlotte Day Wilson,07/09/2021,,,trey.mcmillon,2021,,,,,,,,,,,,,
21jF5jlMtzo94wbxmJ18aa,30,Adele,11/19/2021,,,molly.verrone,2021,,,,,,,,,,,,,
3r46DPIQeBQbjvjjV5mXGg,The Melodic Blue,Baby Keem,09/10/2021,,,trey.mcmillon,2021,,,,,,,,,,,,,
79NySyjxJ8xric31mXKMAo,Once Twice Melody,Beach House,02/18/2022,,,frank.gibase,2021,,,,,,,,,,,,,
0brMHlMYz5t58uT1Q4bkdF,Harmony House,Dayglow,05/21/2021,,,trey.mcmillon,2021,,,,,,,,,,,,,
32iAEBstCjauDhyKpGjTuq,=,Ed Sheeran,10/25/2021,,,molly.verrone,2021,,,,,,,,,,,,,
2EpbqvHpamUFsBboRaSbG1,The Juicebox,Emotional Oranges,06/11/2021,,,anna.hoffman,2021,,,,,,,,,,,,,
1otOJAtgvO5VCBL4Gykrrd,When It's All Said and Done... Take Time,Giveon,03/12/2021,,,anna.hoffman,2021,,,,,,,,,,,,,
1zNtJFMCNIyT0X19jpcI3j,Friends That Break Your Heart,James Blake,10/08/2021,,,trey.mcmillon,2021,,,,,,,,,,,,,
1uD1kdwTWH1DZQZqGKz6rY,Jubilee,Japanese Breakfast,06/04/2021,,,frank.gibase,2021,,,,,,,,,,,,,
3dzxXQLyHYrhKYWcKrnFAZ,in defense of my own happiness,Joy Oladokun,06/04/2021,,,anna.hoffman,2021,,,,,,,,,,,,,
5dGWwsZ9iB2Xc3UKR0gif2,Justice,Justin Bieber,03/19/2021,,,anna.hoffman,2021,,,,,,,,,,,,,
5CnpZV3q5BcESefcB3WJmz,Donda,Kanye West,08/29/2021,,,trey.mcmillon,2021,,,,,,,,,,,,,
1v30ZLtb2nYIWqDto4GuIP,Expectations,Katie Pruit,02/21/2020,,,anna.hoffman,2021,,,,,,,,,,,,,
20tgAhlplT42WnAAC8Xndk,gg bb xx,Lany,09/03/2021,,,molly.verrone,2021,,,,,,,,,,,,,
6pOiDiuDQqrmo5DbG0ZubR,MONTERO,Lil Nas X,09/17/2021,,,anna.hoffman,2021,,,,,,,,,,,,,
4osMxywkQeNeGDzExEmAfB,volcanic bird enemy and the voided concern,Lil Ugli Mane,10/12/2021,,,frank.gibase,2021,,,,,,,,,,,,,
4SBl4zvNIL4H137YRf2P0J,Solar Power,Lorde,08/20/2021,,,anna.hoffman,2021,,,,,,,,,,,,,
1pCA38N6MkLlthXtAOvZTU,JORDI,Maroon 5,06/11/2021,,,molly.verrone,2021,,,,,,,,,,,,,
5BRhg6NSEZOj0BR6Iz56fR,Plastic Hearts,Miley Cyrus,11/27/2020,,,anna.hoffman,2021,,,,,,,,,,,,,
6s84u2TUpR3wdUv4NgKA2j,SOUR,Olivia Rodrigo,05/21/2021,,,molly.verrone,2021,,,,,,,,,,,,,
6AWQXVPLN63plsd3HCot7x,A PawPaw Rod EP,PawPaw Rod,09/15/2021,,,trey.mcmillon,2021,,,,,,,,,,,,,
2QRedhP5RmKJiJ1i8VgDGR,Whole Lotta Red,Playboy Carti,12/25/2020,,,frank.gibase,2021,,,,,,,,,,,,,
7tJ8Wtej161vR0uCbGDiDR,Juno,Remi Wolf,10/15/2021,,,anna.hoffman,2021,,,,,,,,,,,,,
7q5xGp0tEnJ8s1ZumqiRSk,SoulFly,Rod Wave,03/26/2021,,,trey.mcmillon,2021,,,,,,,,,,,,,
57ttk3xzHMWLr6CGrEa8F3,TEMPORARY HIGHS IN THE VIOLET SKIES,Snoh Aalegra,07/09/2021,,,trey.mcmillon,2021,,,,,,,,,,,,,
45ba6QAtNrdv6Ke4MFOKk9,CALL ME IF YOU GET LOST,"Tyler, The Creator",06/25/2021,,,trey.mcmillon,2021,,,,,,,,,,,,,
69jQsPvJzMvcb2fGqI2qaB,I Don't Live Here Anymore,War On Drugs,10/29/2021,,,frank.gibase,2021,,,,,,,,,,,,,
7IKkHmEk4It4cRdOYanyvW,Punk,Young Thug,10/15/2021,,,trey.mcmillon,2021,,,,,,,,,,,,,
3l2Gi0hMjZV2uvKoWlFkoQ,The Loneliest Time,Carly Rae Jepsen,10/21/2022,,,anna.hoffman,2022,,,,,,,,,,,,,
3l2Gi0hMjZV2uvKoWlFkoQ,The Loneliest Time,Carly Rae Jepsen,10/21/2022,,,trey.mcmillon,2022,,,,,,,,,,,,,
6TzgWk5HZItbFmMT7hH4bU,God Save The Animals,Alex G,09/23/2022,,,frank.gibase,2022,,,,,,,,,,,,,
1dShPPoxXfzbjFO1jIHJZz,Blue Rev,Alvvays,10/07/2022,,,frank.gibase,2022,,,,,,,,,,,,,
1Y9tVqcZW0ANQk7EFhy4TN,Serpentina,BANKS,04/08/2022,,,trey.mcmillon,2022,,,,,,,,,,,,,
12oBuAWq7GN9QUSHLoMb4v,Sail On Sailor,Beach Boys,12/02/2022,,,frank.gibase,2022,,,,,,,,,,,,,
7Ln81p86r5cCsesd3KBWIY,Dragon New Warm Mountain,Big Thief,02/11/2022,,,frank.gibase,2022,,,,,,,,,,,,,
4MrpEhBGnle1BWH1rzMndh,Welcome To My Island,Caroline Polachek,12/05/2022,,,anna.hoffman,2022,,,,,,,,,,,,,
6yvRliUS1i3Dxro7UckrHO,Hot Mess,dodie,09/30/2022,,,anna.hoffman,2022,,,,,,,,,,,,,
3G77BQuJy3jahjdkKQNNNM,CAPRISONGS,FKA Twigs,01/14/2022,,,trey.mcmillon,2022,,,,,,,,,,,,,
4ohh1zQ4yybSK9FS7LLyDE,Dance Fever,Florence & The Machine,05/13/2022,,,molly.verrone,2022,,,,,,,,,,,,,
3PZx4Vntcp5T7UgdfjnFDa,$oul $old $eparately,Freddie Gibbs,09/30/2022,,,trey.mcmillon,2022,,,,,,,,,,,,,
6CR4ozv4yOdaA3f6PPQepA,One Foot In Front Of The Other,Griff,06/18/2021,,,anna.hoffman,2022,,,,,,,,,,,,,
50mB1fMh9YFuLjx92ywsqV,YESSIE,Jessie Reyez,09/16/2022,,,trey.mcmillon,2022,,,,,,,,,,,,,
79ONNoS4M9tfIA1mYLBYVX,Mr. Morale & The Big Steppers,Kendrick Lamar,05/13/2022,,,frank.gibase,2022,,,,,,,,,,,,,
3Q998ztjKK3ybjToj0QL9c,Hold On Baby,King Princess,07/29/2022,,,trey.mcmillon,2022,,,,,,,,,,,,,
68L5xVV9wydotfDXEik7eD,five seconds flat,Lizzy McAlpine,04/08/2022,,,anna.hoffman,2022,,,,,,,,,,,,,
1vTQ7l9DHERJJYPMsKGpxE,(self-titled),Marcus Mumford,09/16/2022,,,molly.verrone,2022,,,,,,,,,,,,,
7txGsnDSqVMoRl6RQ9XyZP,HEROES & VILLAINS,Metro Boomin,12/02/2022,,,trey.mcmillon,2022,,,,,,,,,,,,,
6o38CdD7CUlZDCFhjZYLDH,It's Almost Dry,Pusha T,04/22/2022,,,trey.mcmillon,2022,,,,,,,,,,,,,
4MB6xXwCYtFbBW4ReqUWJn,Too Late To Die Young,Sonder,10/21/2022,,,trey.mcmillon,2022,,,,,,,,,,,,,
3lS1y25WAhcqJDATJK70Mq,Midnights (3am),Taylor Swift,10/22/2022,,,molly.verrone,2022,,,,,,,,,,,,,
0fc1W53T3llTmKSzRgaj3s,Sleep Is Exhausting,Teddy Swims,11/04/2022,,,molly.verrone,2022,,,,,,,,,,,,,
3MS8HC8JyaMQWZeDrh8heB,Every Shade of Blue,The Head And The Heart,04/29/2022,,,molly.verrone,2022,,,,,,,,,,,,,
73JjCWpjzmp1alhxVtywvF,Letter Blue,Wet,10/22/2021,,,trey.mcmillon,2022,,,,,,,,,,,,,
4uTtdXFQolr4CMgSTEa8Tb,Thunder Jackson,Thunder Jackson,10/01/2020,,,anna.hoffman,2023,,,,,,,,,,,,,
6yvRliUS1i3Dxro7UckrHO,Hot Mess,dodie,09/30/2022,,,anna.hoffman,2023,,,,,,,,,,,,,
3ZH3NAs9F36n7ZjWBQ9peo,STAR ANISE,Kaz Moon,05/03/2023,,,anna.hoffman,2023,,,,,,,,,,,,,
6xQIAbfKyR8HaoJmxTnOHv,Honey,Samia,01/27/2023,,,anna.hoffman,2023,,,,,,,,,,,,,
1W0i3aN2NmKtFgF0iRHNuI,Snowbird,Sidney Bird,05/03/2023,,,anna.hoffman,2023,,,,,,,,,,,,,
22PkV1Le9P3X4RY4xtmK0q,"Desire, I Want To Turn Into You",Caroline Polachek,02/14/2023,,,anna.hoffman,2023,,,,,,,,,,,,,
5pOw339jffG6207J1W0GRo,I Thought It'd Be Different,Rory,05/26/2023,,,anna.hoffman,2023,,,,,,,,,,,,,
0EiI8ylL0FmWWpgHVTsZjZ,The Rise and Fall of a Midwest Princess,Chappell Roan,09/22/2023,,,anna.hoffman,2023,,,,,,,,,,,,,
6r1lh7fHMB499vGKtIyJLy,AUSTIN,Post Malone,07/28/2023,,,anna.hoffman,2023,,,,,,,,,,,,,
5DvJgsMLbaR1HmAI6VhfcQ,Endless Summer Vacation,Miley Cyrus,08/18/2023,,,anna.hoffman,2023,,,,,,,,,,,,,
0r0l3PRmsPwylAZQM16e7a,Water Your Garden,Magic City Hippies,01/21/2022,,,greg.miller,2023,,,,,,,,,,,,,
22PkV1Le9P3X4RY4xtmK0q,"Desire, I Want To Turn Into You",Caroline Polachek,02/14/2023,,,greg.miller,2023,,,,,,,,,,,,,
4Zam0yP8UKgDqYe6Lk6CLp,Pollen,Tennis,02/10/2023,,,greg.miller,2023,,,,,,,,,,,,,
1pflleeGIJGEAillSnSetf,In the End It Always Does,The Japanese House,06/30/2023,,,greg.miller,2023,,,,,,,,,,,,,
5DvJgsMLbaR1HmAI6VhfcQ,Endless Summer Vacation,Miley Cyrus,08/18/2023,,,ryan.davis,2023,,,,,,,,,,,,,
5RMkjbbZvLo9TNdpKrmP71,Alchemy,Disclosure,07/14/2023,,,ryan.davis,2023,,,,,,,,,,,,,
6r1lh7fHMB499vGKtIyJLy,AUSTIN,Post Malone,07/28/2023,,,ryan.davis,2023,,,,,,,,,,,,,
1q60X7MvRXKggMB3h2xJof,Soft Spot,JMSN,10/09/2023,,,trey.mcmillon,2023,,,,,,,,,,,,,
1IdsqGbN3oB6kAM1Iq0QnC,SAVED!,Reverend Kristin Michael Hayter,10/20/2023,,,trey.mcmillon,2023,,,,,,,,,,,,,
5QPDTfgHE0ElC8calQBjtb,love you forever,VÉRITÉ,02/24/2023,,,trey.mcmillon,2023,,,,,,,,,,,,,
6PbnGueEO6LGodPfvNldYf,Zach Bryan,Zach Bryan,08/25/2023,,,trey.mcmillon,2023,,,,,,,,,,,,,
4Q7cRXio6mF2ImVUCcezPO,For All The Dogs Scary Hours Edition,Drake,11/17/2023,,,trey.mcmillon,2023,,,,,,,,,,,,,
5GuWww4OaildzkmTTlfMN3,Lahai,Sampha,10/20/2023,,,trey.mcmillon,2023,,,,,,,,,,,,,
2bs2CFgfCEYfNCwfholBYd,Bad Nerves,Bad Nerves,11/20/2020,,,chris.sandhage,2023,,,,,,,,,,,,,
5ra51AaWF3iVebyhlZ1aqq,1999,Joey Bada$$,06/12/2012,,,chris.sandhage,2023,,,,,,,,,,,,,
2Ls042qkzVZ13I2zBVKPo4,Lobes,We are Scientists,01/20/2023,,,chris.sandhage,2023,,,,,,,,,,,,,
4QbUC6FMwbEVduX3pe2haG,This Place Sucks Ass,PUP,10/23/2020,,,chris.sandhage,2023,,,,,,,,,,,,,
7zNfWXZ4kh2KQDZW25EDiV,Proper,Into It. Over It.,09/27/2011,,,chris.sandhage,2023,,,,,,,,,,,,,
57263zG8Md6XZ9lBUPPYCm,NO THANK YOU,Little Simz,12/12/2022,,,sommy.khalaj,2023,,,,,,,,,,,,,
39JZhYotu5zFYJ8jw1D8bF,Since I Have A Lover,6LACK,03/24/2023,,,sommy.khalaj,2023,,,,,,,,,,,,,
5TG8nNzWlr4lsL6XBURDs0,Don't Get Too Close,Skrillex,02/18/2023,,,sommy.khalaj,2023,,,,,,,,,,,,,
6kgDkAupBVRSqbJPUaTJwQ,"Love, Damini",Burna Boy,07/07/2022,,,sommy.khalaj,2023,,,,,,,,,,,,,
05hs3AI61sZUXmnpO5oQ17,Killing Time Before The Flood,Wiley From Atlanta,09/20/2023,,,sommy.khalaj,2023,,,,,,,,,,,,,
3LaJpJFSY3cmLFEHJl2z6E,This Stupid World,Yo La Tengo,02/10/2023,,,frank.gibase,2023,,,,,,,,,,,,,
1xJHno7SmdVtZAtXbdbDZp,GUTS,Olivia Rodrigo,09/08/2023,,,frank.gibase,2023,,,,,,,,,,,,,
2KqSL3vLfyVO7rrZJL9tUs,Javelin,Surfjan Stevens,10/06/2023,,,frank.gibase,2023,,,,,,,,,,,,,
5HOHne1wzItQlIYmLXLYfZ,Did you know that there's a tunnel under Ocean Blvd,Lana Del Rey,03/24/2023,,,frank.gibase,2023,,,,,,,,,,,,,
3xyWW80QH0O51iZDT3MLMM,USA,Petey USA,09/22/2023,,,frank.gibase,2023,,,,,,,,,,,,,
2lIZef4lzdvZkiiCzvPKj7,brat,Charli xcx,06/07/2024,,,trey.mcmillon,2024,,,,,,,,,,,,,
1W04wu2W4OIcuiNc5AMB3y,Only God Was Above Us,Vampire Weekend,04/05/2024,,,trey.mcmillon,2024,,,,,,,,,,,,,
1N98DUutnsy5uTS7aiss46,fear is an acronym,Fixupboy,04/04/2024,,,trey.mcmillon,2024,,,,,,,,,,,,,
0hvT3yIEysuuvkK73vgdcW,GNX,Kendrick Lamar,11/22/2024,,,trey.mcmillon,2024,,,,,,,,,,,,,
1KNUCVXgIxKUGiuEB8eG0i,Charm,Clairo,07/12/2024,,,trey.mcmillon,2024,,,,,,,,,,,,,
4e0HW29J9Jc2v5ChnJ3xzJ,Barely Blue,Midland,09/20/2024,,,trey.mcmillon,2024,,,,,,,,,,,,,
3bSNhnaQQXpC639OQ4pMyP,We Still Don't Trust You,Future,04/12/2024,,,trey.mcmillon,2024,,,,,,,,,,,,,
6DlLdXBGCsSDPOV8R2pCl7,Two Star & The Dream Police,Mk.gee,02/09/2024,,,trey.mcmillon,2024,,,,,,,,,,,,,
004ywPlW72Hgn1Bo9PlNOr,"C,XOXO",Camila Cabello,06/28/2024,,,trey.mcmillon,2024,,,,,,,,,,,,,
1jXYc5gip5tqCTDOotfY5L,2093,Yeat,02/16/2024,,,trey.mcmillon,2024,,,,,,,,,,,,,
3w7pEn5Ai1DCRG2FqFNIbB,The Great American Bar Scene,Zach Bryan,07/04/2024,,,molly.verrone,2024,,,,,,,,,,,,,
6BzxX6zkDsYKFJ04ziU5xQ,COWBOY CARTER,Beyoncé,03/29/2024,,,molly.verrone,2024,,,,,,,,,,,,,
4XXTsu7r9865VvXdvF2iQP,The Secret of Us,Gracie Abrams,06/20/2024,,,molly.verrone,2024,,,,,,,,,,,,,
3iPSVi54hsacKKl1xIR2eH,Shorn n' Sweet,Sabrina Carpenter,08/23/2024,,,molly.verrone,2024,,,,,,,,,,,,,
2GW4VpFk9mbc6qYZ0zNuu3,Beautifully Broken,Jelly Roll,10/10/2024,,,molly.verrone,2024,,,,,,,,,,,,,
2n3HUMLmNl0Cm2atVwWSK6,Tigers Blood,Waxahatchee,03/22/2024,,,greg.miller,2024,,,,,,,,,,,,,
2lIZef4lzdvZkiiCzvPKj7,brat,Charli xcx,06/07/2024,,,greg.miller,2024,,,,,,,,,,,,,
7HQOEMCDGKY8eJyQPdsnYH,Big Ideas,Remi Wolf,07/12/2024,,,greg.miller,2024,,,,,,,,,,,,,
1ycq58KRtWt3wFtbuIkvLn,Prelude to Ecstasy,The Last Dinner Party,02/02/2024,,,greg.miller,2024,,,,,,,,,,,,,
3uTpTaMOynCYKV5AtgeO2U,This Wasn't Meant For You Anyway,Lola Young,06/21/2024,,,greg.miller,2024,,,,,,,,,,,,,
3uTpTaMOynCYKV5AtgeO2U,This Wasn't Meant For You Anyway,Lola Young,06/21/2024,,,anna.hoffman,2024,,,,,,,,,,,,,
6swJmmREo7UyeIMuELVzr0,Rivals EP,Tommy Lefroy,03/10/2023,,,anna.hoffman,2024,,,,,,,,,,,,,
0FI8JaUH7kqtvM6EkmCm7t,Sonido Cósmico,Hermanos Gutiérrez,06/14/2024,,,anna.hoffman,2024,,,,,,,,,,,,,
2lIZef4lzdvZkiiCzvPKj7,brat,Charli xcx,06/07/2024,,,anna.hoffman,2024,,,,,,,,,,,,,
1ZXvAPiGoqDXWsLHd3oZ8Q,In Search Of The Antidote,FLETCHER,03/22/2024,,,anna.hoffman,2024,,,,,,,,,,,,,
7aJuG4TFXa2hmE4z1yxc3n,HIT ME HARD AND SOFT,Billie Eilish,05/17/2024,,,anna.hoffman,2024,,,,,,,,,,,,,
4XXTsu7r9865VvXdvF2iQP,The Secret of Us,Gracie Abrams,06/20/2024,,,anna.hoffman,2024,,,,,,,,,,,,,
7HQOEMCDGKY8eJyQPdsnYH,Big Ideas,Remi Wolf,07/12/2024,,,anna.hoffman,2024,,,,,,,,,,,,,
0U28P0QVB1QRxpqp5IHOlH,CHROMAKOPIA,"Tyler, The Creator",10/28/2024,,,anna.hoffman,2024,,,,,,,,,,,,,
5EYKrEDnKhhcNxGedaRQeK,Eternal Sunshine,Ariana Grande,03/08/2024,,,anna.hoffman,2024,,,,,,,,,,,,,
30fIbIvd1AN04FrBt12KhM,Older,Lizzy McAlpine,04/05/2024,,,shelby.scott,2024,,,,,,,,,,,,,
3iPSVi54hsacKKl1xIR2eH,Shorn n' Sweet,Sabrina Carpenter,08/23/2024,,,shelby.scott,2024,,,,,,,,,,,,,
2sJMzA3LuOW1u3UEKbF6J3,The Process,Judah and the Lion,05/10/2024,,,shelby.scott,2024,,,,,,,,,,,,,
3qBWNcWifNhUKJAWzswdJY,Stick Season (Forever),Noah Kahan,02/09/2024,,,shelby.scott,2024,,,,,,,,,,,,,
2lIZef4lzdvZkiiCzvPKj7,brat,Charli xcx,06/07/2024,,,frank.gibase,2024,,,,,,,,,,,,,
,Diamond Jubilee,Cindy Lee,,,,frank.gibase,2024,,,,,,,,,,,,,
2n3HUMLmNl0Cm2atVwWSK6,Tigers Blood,Waxahatchee,03/22/2024,,,frank.gibase,2024,,,,,,,,,,,,,
1bKiiYGt1fzm9YMlTnUqpN,Manning Fireworks,MJ Lenderman,09/06/2024,,,frank.gibase,2024,,,,,,,,,,,,,
5ROzqM7rbMYoKbQIw4i7fp,I Got Heaven,Mannequin Pussy,03/01/2024,,,frank.gibase,2024,,,,,,,,,,,,,
